Year,ABW,AFE,AFG,AFW,AGO,ALB,AND,ARB,ARE,ARG,ARM,ASM,ATG,AUS,AUT,AZE,BDI,BEL,BEN,BFA,BGD,BGR,BHR,BHS,BIH,BLR,BLZ,BMU,BOL,BRA,BRB,BRN,BTN,BWA,CAF,CAN,CEB,CHE,CHI,CHL,CHN,CIV,CMR,COD,COG,COL,COM,CPV,CRI,CSS,CUB,CUW,CYM,CYP,CZE,DEU,DJI,DMA,DNK,DOM,DZA,EAP,EAR,EAS,ECA,ECS,ECU,EGY,EMU,ERI,ESP,EST,ETH,EUU,FCS,FIN,FJI,FRA,FRO,FSM,GAB,GBR,GEO,GHA,GIB,GIN,GMB,GNB,GNQ,GRC,GRD,GRL,GTM,GUM,GUY,HIC,HKG,HND,HPC,HRV,HTI,HUN,IBD,IBT,IDA,IDB,IDN,IDX,IMN,IND,INX,IRL,IRN,IRQ,ISL,ISR,ITA,JAM,JOR,JPN,KAZ,KEN,KGZ,KHM,KIR,KNA,KOR,KWT,LAC,LAO,LBN,LBR,LBY,LCA,LCN,LDC,LIC,LIE,LKA,LMC,LMY,LSO,LTE,LTU,LUX,LVA,MAC,MAF,MAR,MCO,MDA,MDG,MDV,MEA,MEX,MHL,MIC,MKD,MLI,MLT,MMR,MNA,MNE,MNG,MNP,MOZ,MRT,MUS,MWI,MYS,NAC,NAM,NCL,NER,NGA,NIC,NLD,NOR,NPL,NRU,NZL,OED,OMN,OSS,PAK,PAN,PER,PHL,PLW,PNG,POL,PRE,PRI,PRK,PRT,PRY,PSE,PSS,PST,PYF,QAT,ROU,RUS,RWA,SAS,SAU,SDN,SEN,SGP,SLB,SLE,SLV,SMR,SOM,SRB,SSA,SSD,SSF,SST,STP,SUR,SVK,SVN,SWE,SWZ,SXM,SYC,SYR,TCA,TCD,TEA,TEC,TGO,THA,TJK,TKM,TLA,TLS,TMN,TON,TSA,TSS,TTO,TUN,TUR,TUV,TZA,UGA,UKR,UMC,URY,USA,UZB,VCT,VEN,VGB,VIR,VNM,VUT,WLD,WSM,XKX,YEM,ZAF,ZMB,ZWE
1991,0,-0.151253,0,-0.118162,-0.124663,-0.071168,0,-0.018069,0.090721,-0.066723,0,-0.17,-0.15,-0.02692,0.075703,0,-0.321417,0,-0.620788,-0.182785,-0.000002,0.043388,0.021739,0,0,0,-0.616966,0,-0.249546,-0.452366,0,-0.303605,0.212486,-0.208741,-0.048156,-0.005253,0.040312,0.107911,0,0.076797,0.211541,-0.866796,-0.190923,-0.296862,-0.035139,-0.200328,-0.235357,0.60397,-0.098277,-0.055198,0.351024,0,-0.083333,0.113636,0,0.015467,0,-0.325333,0.1004,0.781577,-0.003695,-0.010377,-0.12115,-0.012902,0,0,-0.325715,0.001547,0.244179,0,0.638569,0,-0.069173,0.175659,-0.12283,0.187239,0.365517,0.155598,0,90.868571,-0.023914,0.072748,0,-0.47273,0,-0.141218,-0.566502,-0.30032,-0.297932,0.234041,0,0,-0.533781,0,-0.019268,0.019131,0,-0.187246,-0.15578,0,-0.008237,0.119361,0,0,-0.145685,-0.089642,-0.953041,-0.156642,0,0.122865,0,0.244912,0.015325,0.003201,0.012728,0.097043,0.265037,-0.002585,0,-0.020296,0,0.018036,0,-0.126779,0,0,-0.077752,0.007856,-0.293136,-0.181109,-0.014858,-0.314161,0,-0.042623,-0.271639,-0.140689,-0.115584,0.125,-0.293271,-0.076439,0,0,0,0,0,0,0,0,0.004761,0,0,-0.11397,0,0.003399,-0.113701,52.222222,0,0,0,0,-0.665662,0.003408,0,-0.005693,72.706522,-0.278491,-0.005278,0.042365,-0.445482,-0.282194,0.003393,-0.08625,0.036761,-0.048701,-0.179304,-0.830979,0.041973,-0.005202,0.076056,0,0.1816,0.005292,0,-0.103593,-0.061687,-0.222303,-0.089899,-0.157477,83.245652,-0.026877,0.057788,-0.140134,1.226832,-0.379819,-0.128962,-0.642892,0,0.452704,0.018024,0.112568,0,-0.015496,0,-0.121605,0.06699,0,-0.073407,-0.23373,0.326418,-0.026116,-0.273303,-0.217181,0,-0.122342,0,-0.138582,0,-0.138579,-0.068141,-0.027083,-0.023564,0,0,0.02455,0.070581,0,0,0.032648,0,-0.02994,-0.007544,0,-0.171348,-0.071052,0,0,-0.275805,-0.094149,0.003411,0,0.06699,-0.138579,-0.105458,0.015366,0.047408,0,-0.419959,-0.206456,0,0,0.326248,0.011857,0,0.25641,-0.325945,-0.026667,-1.162857,0.739851,0,0,-0.170318,0,0,-0.030006,-0.048158,-0.11909
1992,0,-0.151253,0,-0.118162,-0.124663,-0.071168,0,-0.018074,0.090721,-0.066723,11.742606,-0.17,-0.15,-0.02692,0.075703,11.454823,-0.321417,0,-0.620788,-0.182785,-0.000002,0.043388,0.011533,0,42.779883,38.824608,-0.616966,0,-0.249546,-0.452366,0,-0.303605,0.212486,-0.208741,-0.048156,-0.005253,3.771317,0.107911,0,0.076797,0.211541,-0.866796,-0.190923,-0.296862,-0.035139,-0.200328,-0.235357,0.60397,-0.098277,-0.055198,0.351024,0,-0.083333,0.113636,0,0.015467,0,-0.325333,0.1004,0.781577,-0.003695,-0.014906,-0.711578,-0.016903,38.979835,37.735099,-0.325715,0.001547,1.09115,0,0.638569,52.193866,-0.069173,0.582094,-0.438063,0.187239,0.365517,0.155598,0,0.04,-0.023914,0.072748,39.631026,-0.47273,0,-0.141218,-0.566502,-0.30032,-0.297932,0.23404,0,0,-0.533781,0,-0.019268,0.114168,0,-0.187246,-0.15578,33.214094,-0.008237,0.119361,35.109889,33.747168,-0.913353,-2.862851,-0.953041,-0.56702,0,0.122865,0,0.244912,0.015325,0.003201,0.012728,0.097043,0.265037,-0.002585,0,-0.020296,1.170938,0.018036,5.971418,-0.126779,0,0,-0.077752,0.007856,-0.293136,-0.181109,-0.014858,-0.314161,0,-0.042623,-0.271639,-0.140689,-0.115584,0.125,-0.293271,-1.049576,33.563074,0,39.854465,31.269943,0,51.209282,0,0,0.004761,0,10.015211,-0.11397,0,0.003396,-0.113701,0,35.298517,36.221392,0,0,-0.665662,0.003408,0,-0.005693,-0.358696,-0.278491,-0.005278,0.042365,-0.445482,-0.282194,0.003393,-0.08625,0.036761,-0.048701,-0.179304,-0.830979,0.041973,-0.005202,0.076056,0,0.1816,0.076143,0,0.344386,-0.061687,-0.222303,-0.089899,-0.157477,0.31087,-0.026877,0.057788,-0.140134,1.226832,-0.379819,-0.128962,-0.642892,0,0.087788,-0.186229,0.112568,0,-0.002179,49.360347,-0.121605,0.06699,0,-0.073407,-0.23373,0.326269,-0.026116,-0.273303,-0.217181,0,-0.122342,0,-0.138582,0,-0.138579,0.087703,-0.027083,-0.023564,0,59.433962,0.02455,0.070581,0,0,0.032648,0,-0.02994,-0.012126,38.721265,-0.171348,-0.071052,2.917977,8.782159,-0.275805,-0.094149,0.003411,0,0.06699,-0.138579,-0.105458,0.015366,0.047408,0,-0.419959,-0.206456,16.089065,39.120293,0.326248,0.011857,6.186621,0.25641,-0.325945,-0.026667,-1.162857,0.739851,0,32.511019,-0.170318,0,0,-0.030006,-0.048158,-0.11909
1993,0,-0.151253,0,-0.118162,-0.124663,-0.071168,0,-0.018069,0.090721,-0.066723,-0.007341,-0.17,-0.15,-0.02692,0.075703,0.051047,-0.321417,0,-0.620788,-0.182785,-0.000002,0.043388,0.021127,0,-0.19209,0.249875,-0.616966,0,-0.249546,-0.452366,0,-0.303605,0.212486,-0.208741,-0.048156,-0.005253,0.580554,0.10791,0,0.076797,0.211541,-0.866796,-0.190923,-0.296862,-0.035139,-0.200328,-0.235357,0.60397,-0.098277,-0.055198,0.351024,0,-0.083333,0.113636,34.059544,0.016395,0,-0.325333,0.1004,0.781577,-0.003695,-0.014906,-0.075327,-0.016903,0.015078,0.029836,-0.325715,0.001547,0.317979,11.292871,0.638569,0.077825,0.641462,0.146677,-0.120564,0.187239,0.365517,0.155598,0,0.04,-0.023914,0.072748,0.011944,-0.47273,0,-0.141218,-0.566502,-0.30032,-0.297932,0.234041,0,0,-0.533781,0,-0.019268,0.044364,0,-0.187246,-0.15578,0.062601,-0.008237,0.121647,-0.067298,-0.086528,-0.141236,-0.071483,-0.953041,-0.156145,0,0.122865,0,0.244912,0.015325,0.003201,0.012728,0.097043,0.265037,-0.002585,0,-0.020296,-0.000197,0.018036,0.02319,-0.126779,0,0,-0.077752,0.007856,-0.293136,-0.181109,-0.014858,-0.314161,0,-0.042623,-0.271639,-0.140689,-0.115584,0.125,-0.293271,-0.071133,-0.087021,0,-0.0365,0.119655,0,0.109277,0,0,0.004761,0,0.033347,-0.11397,0,0.003399,-0.113701,0,-0.08169,0.179119,0,0,-0.665662,0.003408,0,-0.005693,-0.358696,-0.278491,-0.005278,0.042365,-0.445482,-0.282194,0.003393,-0.08625,0.036761,-0.048701,-0.179304,-0.830979,0.041973,-0.005202,0.076056,0,0.1816,0.019343,0,-0.099796,-0.061687,-0.222303,-0.089899,-0.157477,0.31087,-0.026877,0.057788,-0.235551,1.226832,-0.379819,-0.128962,-0.642892,0,0.087788,0.026398,0.112568,0,-0.002179,0.013301,-0.121605,0.06699,0,-0.073407,-0.23373,0.326418,-0.026116,-0.273303,-0.217181,0,-0.122342,0,-0.138582,0,-0.138579,-0.087732,-0.027083,-0.023564,39.545925,0.223436,0.02455,0.070581,0,0,0.032648,0,-0.02994,-0.012126,0.015551,-0.171348,-0.071052,0.001429,0,-0.275805,-0.094149,0.003411,0,0.06699,-0.138579,-0.105458,0.015366,0.047408,0,-0.419959,-0.206456,0.040735,-0.086062,0.326248,0.011857,0.096871,0.25641,-0.325945,-0.026667,-1.162857,0.739851,0,-0.056167,-0.170318,0,0,-0.030006,-0.048158,-0.11909
1994,0,-0.151253,0,-0.118162,-0.124663,-0.071168,0,-0.018069,0.090721,-0.066723,-0.007341,-0.17,-0.15,-0.02692,0.075703,0.051047,-0.321417,0,-0.620788,-0.182785,-0.000002,0.043388,0.021127,0,-0.19209,0.2457,-0.616966,0,-0.249546,-0.452366,0,-0.303605,9.69258,-0.208741,-0.048156,-0.005253,0.051946,0.10791,0,0.076797,0.211541,-0.866796,-0.190923,-0.296862,-0.035139,-0.200328,-0.235357,0.60397,-0.098277,-0.055198,0.351024,0,-0.083333,0.113636,0.010185,0.016396,0,-0.325333,0.1004,0.781577,-0.003695,-0.014906,-0.112523,-0.016903,0.017093,0.03861,-0.325715,0.001547,0.230886,-0.031287,0.638569,0.077825,-0.073,0.166572,-0.120564,0.187239,0.365517,0.155598,0,0.04,-0.023914,0.072748,0.011944,-0.47273,0,-0.141218,-0.566502,-0.30032,-0.297932,0.23404,0,0,-0.533781,0,-0.019268,0.019158,0,-0.187246,-0.15578,0.062601,-0.008237,0.119375,-0.066763,-0.083719,-0.132982,-0.071483,-0.953041,-0.146285,0,0.122865,0,0.244912,0.015325,0.003201,0.012728,0.097043,0.265037,-0.002585,0,-0.020296,-0.000197,0.018036,0.023189,-0.126779,0,0,-0.077752,0.007856,-0.293136,-0.181109,-0.014858,-0.314161,0,-0.042623,-0.271639,-0.130063,-0.115584,0.125,-0.293271,-0.063508,-0.084137,0,-0.035172,0.119655,0,0.109277,0,0,0.004761,0,0.060731,-0.11397,0,0.003399,-0.113701,0,-0.078096,0.179119,0,0,-0.665662,0.003408,0,-0.005693,-0.358696,-0.278491,-0.005278,0.042365,-0.445482,-0.282194,0.003393,-0.08625,0.036761,-0.048701,-0.179304,-0.830979,0.041973,-0.005202,0.076056,0,0.1816,0.005897,0,0.006572,-0.061687,-0.222303,-0.089899,-0.157477,0.31087,-0.026877,0.057788,-0.139588,1.226832,-0.379819,-0.128962,-0.642892,0,0.087788,0.019978,0.112568,0,-0.008226,0.016563,-0.121605,0.092446,0,-0.073407,-0.23373,0.326269,-0.026116,-0.273303,-0.217181,0,-0.122342,0,-0.138582,0,-0.138579,0.028258,-0.027083,-0.023564,-0.002225,0.223436,0.02455,0.070581,0,0,0.032648,0,-0.02994,-0.012126,0.017416,-0.171348,-0.071052,0.001429,0,-0.275805,-0.094149,0.003411,0,0.092446,-0.138579,-0.105458,0.015366,0.047408,0,-0.419959,-0.206456,0.040735,-0.085257,0.326248,0.011857,0.096871,0.25641,-0.325945,-0.026667,-1.162857,0.739851,0,-0.057699,-0.170318,0,0,-0.030006,-0.048158,-0.11909
1995,0,-0.151253,0,-0.118162,-0.124663,-0.071168,0,-0.018069,0.090721,-0.066723,-0.007341,-0.17,-0.15,-0.02692,0.075703,0.051047,-0.321417,0,-0.620788,-0.182785,-0.000002,0.043388,0.021127,0,-0.19209,0.244953,-0.616966,0,-0.249546,-0.452366,0,-0.303605,0.249447,-0.208741,-0.048156,-0.005253,0.053982,0.10791,0,0.076797,0.21156,-0.866796,-0.190923,-0.296862,-0.035139,-0.200328,-0.235357,0.60397,-0.098277,-0.055198,0.351024,0,-0.083333,0.113636,0.010185,0.016397,0,-0.325333,0.1004,0.781577,-0.003695,-0.014888,-0.117782,-0.016892,0.013766,0.036075,-0.325715,0.001547,0.230888,-0.031287,0.638569,0.077825,-0.073,0.167227,-0.120564,0.187239,0.365517,0.155598,0,0.04,-0.023914,0.072748,0.011944,-0.47273,0,-0.141218,-0.566502,-0.30032,-0.297932,0.234041,0,0,-0.533781,0,-0.019268,0.019215,0,-0.187246,-0.15578,0.062601,-0.008237,0.119375,-0.067671,-0.086802,-0.141275,-0.071483,-0.953041,-0.156198,0,0.122865,0,0.244912,0.015325,0.003201,0.012728,0.097043,0.265037,-0.002585,0,-0.020296,-0.000197,0.018036,0.02319,-0.126779,0,0,-0.077752,0.007856,-0.293136,-0.181109,-0.014858,-0.314161,0,-0.042623,-0.271639,-0.140737,-0.115584,0.125,-0.293271,-0.071154,-0.087309,0,-0.036807,0.119655,0,0.109277,0,0,0.004761,0,0.060768,-0.11397,0,0.003399,-0.113701,0,-0.082046,0.179119,0,0,-0.665662,0.003408,0,-0.005693,-0.358696,-0.278491,-0.005278,0.042365,-0.445482,-0.282194,0.003393,-0.08625,0.036761,-0.048701,-0.179304,-0.830979,0.041973,-0.005202,0.076056,0,0.1816,0.005897,0,-0.100138,-0.061687,-0.222303,-0.089899,-0.157477,0.31087,-0.026877,0.057788,-0.139588,1.226832,-0.379819,-0.128962,-0.642892,0,0.087788,0.019974,0.112568,0,0.00024,0.010841,-0.121605,0.067087,0,-0.073407,-0.23373,0.326418,-0.026116,-0.273303,-0.217181,0,-0.122342,0,-0.138582,0,-0.138579,-0.087976,-0.027083,-0.023564,-0.002225,0.223436,0.02455,0.070581,0,0,0.032648,0,-0.02994,-0.012107,0.014315,-0.171348,-0.071052,0.001429,0,-0.275805,-0.094149,0.003411,0,0.067087,-0.138579,-0.105458,0.015367,0.047408,0,-0.419959,-0.206456,0.040735,-0.086617,0.326248,0.011857,0.096871,0.25641,-0.325945,-0.026667,-1.162857,0.739851,0,-0.059895,-0.170318,0,0,-0.030006,-0.048158,-0.11909
1996,0,-0.151253,0,-0.118162,-0.124663,-0.071168,0,-0.018069,0.090721,-0.066723,-0.007341,-0.17,-0.15,-0.02692,0.075703,0.051047,-0.321417,0,-0.620788,-0.182785,-0.000001,0.043388,0.021127,0,-0.19209,0.245763,-0.616966,0,-0.249546,-0.452366,0,-0.303605,0.249447,-0.208741,-0.048156,-0.005253,0.050481,0.108887,0,0.076797,0.21156,-0.866796,-0.190923,-0.296862,-0.035139,-0.200328,-0.235357,0.60397,-0.098277,-0.055198,0.351024,0,-0.083333,0.113636,0.010185,0.016398,0,-0.325333,0.1004,0.781577,-0.003695,-0.014888,-0.117782,-0.016785,0.009327,0.03239,-0.325715,0.001547,0.230889,-0.031287,0.638569,0.077825,-0.073,0.166095,-0.120564,0.187239,0.365517,0.155598,0,0.04,-0.023914,0.072748,0.011944,-0.47273,0,-0.141218,-0.566502,-0.30032,-0.297932,0.234041,0,0,-0.533781,0,-0.019268,0.0192,0,-0.187246,-0.15578,0.020755,-0.008237,0.119375,-0.068983,-0.087735,-0.141275,-0.071483,-0.953041,-0.156198,0,0.122865,0,0.244912,0.015325,0.003201,0.012728,0.097043,0.265037,-0.002585,0,-0.001556,-0.000197,0.018036,0.023189,-0.126779,0,0,-0.077752,0.007856,-0.293136,-0.181109,-0.014858,-0.314161,0,-0.042623,-0.271639,-0.140737,-0.115584,0.125,-0.293271,-0.071154,-0.088218,0,-0.039127,0.119655,0,0.109277,0,0,0.004761,0,0.057698,-0.11397,0,0.003399,-0.113701,0,-0.083178,0.179119,0,0,-0.665662,0.003408,0,-0.005693,-0.358696,-0.278491,-0.005278,0.042365,-0.445482,-0.282194,0.003393,-0.08625,0.036761,-0.048701,-0.179304,-0.830979,0.041973,-0.005202,0.076056,0,0.1816,0.005989,0,-0.100138,-0.061687,-0.222303,-0.089899,-0.157477,0.31087,-0.026877,0.057788,-0.139588,1.226832,-0.379819,-0.128962,-0.642892,0,0.087788,0.020009,0.112568,0,-0.005806,0.003212,-0.121605,0.067087,0,-0.073407,-0.23373,0.326418,-0.026116,-0.273303,-0.217181,0,-0.122342,0,-0.138582,0,-0.138579,-0.087976,-0.027083,-0.023564,-0.002225,0.223436,0.02455,0.070581,0,0,0.032648,0,-0.02994,-0.012107,0.009816,-0.171348,-0.071052,0.001429,0,-0.275805,-0.094149,0.003411,0,0.067087,-0.138579,-0.105458,0.015366,0.047408,0,-0.419959,-0.206456,0.040735,-0.088423,0.326248,0.011857,0.096871,0.25641,-0.325945,-0.026667,-1.162857,0.739851,0,-0.060535,-0.170318,0,0,-0.030006,-0.048158,-0.11909
1997,0,-0.151253,0,-0.118162,-0.124663,-0.071168,0,-0.018069,0.090721,-0.066723,-0.007341,-0.17,-0.15,-0.02692,0.075703,0.051047,-0.321417,0,-0.620788,-0.182785,-0.000002,0.043388,0.021127,0,-0.19209,0.242834,-0.616966,0,-0.249546,-0.452366,0,-0.303605,0.249447,-0.208741,-0.048156,-0.005253,0.054857,0.108895,0,0.076797,0.211541,-0.866796,-0.190923,-0.296862,-0.035139,-0.200328,-0.235357,0.60397,-0.098277,-0.055198,0.351024,0,-0.083333,0.113636,0.010185,0.019191,0,-0.325333,0.1004,0.781577,-0.003695,-0.014906,-0.117782,-0.016903,0.007374,-0.064371,-0.325715,0.001547,0.231299,-0.031287,0.638569,0.077825,-0.073,0.167797,-0.120564,0.187239,0.365517,0.155598,0,0.04,-0.023914,0.072748,0.011944,-0.47273,0,-0.141218,-0.566502,-0.30032,-0.297932,0.23404,0,-0.000108,-0.533781,0,-0.019268,-0.037482,0,-0.187246,-0.15578,0.062522,-0.008237,0.13342,-0.069492,-0.088096,-0.141275,-0.071483,-0.953041,-0.156198,0,0.122865,0,0.244912,0.015325,0.003201,0.012728,0.097043,0.265037,-0.002585,0,-0.020302,-0.000197,0.018036,0.023189,-0.126779,0,0,-0.077752,0.007856,-0.293136,-0.181109,-0.014858,-0.314161,0,-0.042623,-0.271639,-0.140737,-0.115584,0.125,-0.293271,-0.071154,-0.088618,0,-0.040101,0.119655,0,0.109277,0,0,0.004761,0,0.060823,-0.11397,0,0.003399,-0.113701,0,-0.083678,0.179119,0,0,-0.665662,0.003408,0,-0.005693,-0.358696,-0.278491,-0.005278,0.042365,-0.445482,-0.282194,0.003393,-0.08625,0.036761,-0.048701,-0.179304,-0.830979,0.041973,-0.005202,0.076056,0,0.1816,0.00598,0,-0.100138,-0.061687,-0.222303,-0.089899,-0.157477,0.31087,-0.026877,0.057788,-0.139588,1.226832,-0.379819,-0.128962,-0.642892,0,0.087788,0.020055,0.112568,0,-0.003387,-0.000136,-0.121605,0.067087,0,-0.073407,-0.23373,0.326269,-0.026116,-0.273303,-0.217181,0,-0.122342,0,-0.138582,0,-0.138579,-0.087976,-0.027083,-0.023564,-0.002225,0.223436,0.02455,0.070581,0,0,0.032648,0,-0.02994,-0.012126,0.008078,-0.171348,-0.071052,0.001429,0,-0.275805,-0.094149,0.003411,0,0.067087,-0.138579,-0.105458,0.015366,0.047408,0,-0.419959,-0.206456,0.040735,-0.089219,0.326248,0.011857,0.096871,0.25641,-0.325945,-0.026667,-1.162857,0.739851,0,-0.077903,-0.170318,0,0,-0.030006,-0.048158,-0.11909
1998,0,-0.151253,0,-0.118162,-0.124663,-0.071168,0,-0.018069,0.090721,-0.066723,-0.007341,-0.17,-0.15,-0.02692,0.075703,0.06874,-0.321417,0,-0.620788,-0.182785,-0.000002,0.043388,0.021127,0,-0.19209,0.248196,-0.616966,0,-0.249546,-0.452366,0,-0.303605,0.249447,-0.208741,-0.048156,-0.005253,0.05369,0.108902,0,0.076797,0.211541,-0.866796,-0.190923,-0.296862,-0.035139,-0.200328,-0.235357,0.60397,-0.098277,-0.055198,0.351024,0,-0.083333,0.113636,0.010185,0.018264,0,-0.325333,0.1004,0.781577,-0.003695,-0.014906,-0.096631,-0.016903,0.004205,0.028436,5.436413,0.001547,0.231169,-0.031287,0.638569,0.077825,-0.073,0.167327,-0.120564,0.187239,0.365517,0.155598,0,0.04,-0.023914,0.072748,0.011944,-0.47273,0,-0.141218,-0.566502,-0.30032,-0.297932,0.234041,0,0,-0.533781,0,-0.019268,0.019188,0,-0.187246,-0.15578,0.104524,-0.008237,0.119454,-0.056412,-0.078821,-0.141275,-0.071483,-0.953041,-0.156198,0,0.122865,0,0.244912,0.015325,0.003201,0.012728,0.097043,0.265037,-0.002585,0,-0.020302,-0.000197,0.018036,0.02319,-0.126779,0,0,-0.077752,0.007856,-0.210527,-0.181109,-0.014858,-0.314161,0,-0.042623,-0.198974,-0.140737,-0.115584,0.125,-0.293271,-0.071154,-0.079161,0,-0.041781,0.119655,0,0.109277,0,0,0.004761,0,0.060859,-0.11397,0,0.003399,-0.113701,0,-0.071883,0.179119,0,0,-0.665662,0.003408,0,-0.005693,-0.358696,-0.278491,-0.005278,0.042365,-0.445482,-0.282194,0.003393,-0.08625,0.036761,-0.048701,-0.179304,-0.830979,0.041973,-0.005202,0.076056,0,0.1816,0.005916,0,-0.100138,-0.061687,-0.222303,-0.089899,-0.157477,0.31087,-0.026877,0.057788,-0.139588,1.226832,-0.379819,-0.128962,-0.642892,0,0.087788,0.020082,0.112568,0,-0.009428,-0.006047,-0.121605,0.067087,0,-0.073407,-0.23373,0.326418,-0.026116,-0.273303,-0.217181,0,-0.122342,0,-0.138582,0,-0.138579,-0.087976,-0.027083,-0.023564,-0.002225,0.223436,0.02455,0.070581,0,0,0.032648,0,-0.02994,-0.012126,0.005046,-0.171348,-0.071052,0.001429,0,-0.202439,-0.094149,0.003411,0,0.067087,-0.138579,-0.105458,0.015366,0.047408,0,-0.419959,-0.206456,0.040735,-0.0704,0.326248,0.011857,0.096871,0.25641,-0.325945,-0.026667,-1.162857,0.739851,0,-0.054153,-0.170318,0,0,-0.030006,-0.048158,-0.11909
1999,0,-0.151253,0,-0.118162,-0.124663,-0.071168,0,-0.018069,0.090721,-0.066723,-0.007341,-0.17,-0.15,-0.02692,0.075703,0.10648,-0.321417,0,-0.620788,-0.182785,-0.000002,0.043388,0.021127,0,-0.19209,0.241863,-0.616966,0,-0.249546,-0.452366,0,-0.303605,0.249447,-0.208741,-0.048156,-0.005253,0.053104,0.10891,0,0.076797,0.211541,-0.866796,-0.190923,-0.296862,-0.035139,-0.200328,-0.235357,0.60397,-0.098277,-0.055198,0.351024,0,-0.083333,0.113636,0.010185,0.019199,0,-0.325333,0.1004,0.781577,-0.003695,-0.014906,-0.117883,-0.016903,-0.00338,0.022413,-0.363066,0.001547,0.231312,-0.031287,0.638569,0.077825,-0.073,0.167235,-0.120564,0.187239,0.365517,0.155598,0,0.04,-0.023914,0.072748,0.011944,-0.47273,0,-0.141218,-0.566502,-0.30032,-0.297932,0.23404,0,0,-0.533781,0,-0.019268,0.019179,0,-0.187246,-0.15578,0.062601,-0.008237,0.119454,-0.072518,-0.090246,-0.141275,-0.071483,-0.953041,-0.156198,0,0.122865,0,0.244912,0.015325,0.003201,0.012728,0.097043,0.265037,-0.002585,0,-0.020302,-0.000197,0.018036,0.02319,-0.126779,0,0,-0.077752,0.007856,-0.293602,-0.181109,-0.014858,-0.314161,0,-0.042623,-0.272025,-0.140737,-0.115584,0.125,-0.293271,-0.071154,-0.090812,0,-0.04556,0.119655,0,0.109277,0,0,0.004761,0,0.060896,-0.11397,0,0.003399,-0.113701,0,-0.086411,0.179119,0,0,-0.665662,0.003408,0,-0.005693,-0.358696,-0.278491,-0.005278,0.042365,-0.445482,-0.282194,0.003393,-0.08625,0.036761,-0.048701,-0.179304,-0.830979,0.041973,-0.005202,0.076056,0,0.1816,0.005926,0,-0.100138,-0.061687,-0.222303,-0.089899,-0.157477,0.31087,-0.026877,0.057788,-0.139588,1.226832,-0.379819,-0.128962,-0.642892,0,0.087788,0.019989,0.112568,0,-0.003386,-0.019788,-0.121605,0.067087,0,-0.073407,-0.23373,0.326269,-0.026116,-0.273303,-0.217181,0,-0.122342,0,-0.138582,0,-0.138579,-0.087976,-0.027083,-0.023564,-0.002225,0.223436,0.02455,0.070581,0,0,0.032648,0,-0.02994,-0.012126,-0.002329,-0.171348,-0.071052,0.001429,0,-0.2762,-0.094149,0.003411,0,0.067087,-0.138579,-0.105458,0.015366,0.047408,0,-0.419959,-0.206456,0.040735,-0.093581,0.326248,0.011857,0.096871,0.25641,-0.325945,-0.026667,-1.162857,0.739851,0,-0.062311,-0.170318,0,0,-0.030006,-0.048158,-0.11909
2000,0,-0.151253,0,-0.118162,-0.124663,-0.071168,0,-0.018069,0.090721,-0.066723,-0.007341,-0.17,-0.15,-0.02692,0.075703,0.065814,-0.321417,22.037649,-0.620788,-0.182785,-0.000002,0.043388,0.021127,0,-0.19209,0.240441,-0.616966,0,-0.249546,-0.452366,0,-0.303605,0.249447,-0.208741,-0.048156,-0.005253,0.055395,0.108916,0,0.076797,0.211561,-0.866796,-0.190923,-0.296862,-0.035139,-0.200328,-0.235357,0.60397,-0.098277,-0.055198,0.351024,0,-0.083333,0.113636,0.010185,0.018271,0,-0.325333,0.1004,0.781577,-0.003695,-0.108327,-0.174338,-0.071782,0.002805,0.007828,-0.363066,0.001547,0.046643,-0.031287,0.668749,0.077825,-0.073,0.031996,-0.120564,0.187239,0.365517,0.155547,0,0.04,-0.023914,0.072748,0.011944,-0.47273,0,-0.141218,-0.566502,-0.30032,-0.297932,0.234041,0,0,-0.533781,0,-0.019268,0.010189,0,-0.187246,-0.15578,0.061395,-0.008237,0.162424,-0.090802,-0.106963,-0.153914,-0.147045,-2.916819,-0.156681,0,0.122865,0,0.244912,0.015325,0.003201,0.012728,0.097043,0.110303,-0.002585,0,-0.020302,-0.000197,0.018036,0.023189,-0.126779,0,0,-0.077752,0.007856,-0.293602,-0.181109,-0.014858,-0.314161,0,-0.042623,-0.272025,-0.14126,-0.115584,0.125,-0.293271,-0.067343,-0.107832,0,-0.020062,0.119655,33.676965,0.109277,0,0,0.004761,0,0.064118,-0.11397,0,0.003399,-0.113701,0,-0.10765,0.179119,0,0,-0.665662,0.003408,0,-0.005693,-0.358696,-0.278491,-0.005278,0.042365,-0.445482,-0.282194,-0.002475,-0.08625,0.036761,-0.048701,-0.179304,-0.830979,0.041973,-0.005202,-0.022645,0,0.1816,-0.006449,0,-0.100138,-0.061687,-0.222303,-0.089899,-0.157477,0.31087,-0.026877,0.057788,-0.139588,1.226832,-0.379819,-0.128962,-0.642892,0,0.087788,0.006894,2.322601,0,-0.015455,0.023557,-0.121605,0.065769,0,-0.073407,-0.23373,0.326418,-0.026116,-0.273303,-0.217181,0,-0.122342,0,-0.138582,0,-0.138579,-0.087976,-0.027083,-0.023564,-0.002225,0.223436,0.02455,0.070581,0,0,0.032648,0,-0.02994,-0.105647,0.003483,-0.171348,-0.071052,0.001429,0,-0.2762,-0.094149,0.003411,0,0.065769,-0.138579,-0.105458,0.015366,0.047408,0,-0.419959,-0.206456,0.040735,-0.12993,0.326248,0.00115,-0.071833,0.25641,-0.325945,-0.026667,-1.162857,2.419354,0,-0.077508,-0.170318,0,0,-0.030006,-0.048158,-0.11909
2001,0,-0.180011,0,-0.092127,-0.445224,0.046606,0,-0.014413,0.011081,-0.115614,-0.007306,-0.15,-0.152273,-0.029522,0.030368,0.054954,0,0.074538,-0.44342,-0.182749,-0.024572,0.327217,0.021127,0,-0.017559,0.176802,-0.29772,0,-0.186041,-0.472688,0,-0.322581,0.249472,-0.208741,-0.048156,-0.005351,0.123991,0.098449,0.09596,0.122147,0.251495,-0.354991,-0.14745,-0.296862,-0.035139,-0.173746,-0.235357,0.074442,0.02738,-0.029895,0.462756,0,-0.0875,0.013312,0.026,0.020427,0,0,0.037225,0.208342,0.014233,0.118903,-0.065011,0.068155,0.037839,0.048377,-0.282779,0.000646,0.153883,-0.031287,0.324128,0.229134,-0.073,0.125545,-0.109271,-0.066857,0.365463,0.20655,0,0.038571,-0.019634,0.043401,0.088934,-0.398031,0,-0.146508,-0.566502,-0.30032,-0.297932,0.233959,0,0,-0.454087,0,-0.02256,0.023357,0,-0.181249,-0.140085,0.062598,-0.008237,0.139723,-0.037774,-0.061403,-0.128843,-0.075611,-0.086327,-0.140245,0,0.064073,0,0.130672,0.083887,0.0016,0.014803,0.004621,0.222776,0.345799,0,0.024691,-0.002769,-0.060591,0.025433,-0.108639,0,0,-0.286317,0.007856,-0.305587,-0.209922,-0.008113,-0.314161,0,-0.039344,-0.275976,-0.152891,-0.111346,-0.000625,-0.100144,-0.078142,-0.062612,0,-0.01702,0.239311,0.077686,0.210712,0,0,0.03765,0,0.091545,-0.080595,0,0.017609,-0.073975,0,-0.053638,0.011325,0,0,-0.524392,0.022749,0,-0.00517,-0.356522,-0.28178,-0.005278,-0.174384,-0.445482,-0.226358,0.025951,-0.086251,0.0064,-0.009805,-0.179305,-1.006457,0.04141,-0.003012,0.126453,0,-0.000881,0.015273,0,-0.098095,-0.054163,-0.153551,-0.097502,-0.157474,0.213043,-0.021879,0.088152,-0.149533,0.702368,-0.176314,-0.031694,-0.861173,0.014452,0.08704,0.024213,0.026217,0,0.064864,0.038532,-0.089177,0.035059,0,-0.073442,-0.199969,0.108358,-0.026152,-0.273303,-0.217181,0,-0.122342,0,-0.146353,0,-0.14635,-0.08222,-0.027083,-0.026288,0.034304,0.069513,-0.022095,0.07064,0,0,0.032648,0,-0.065359,0.121146,0.038833,-0.054411,0.210417,0,0,-0.280555,-0.094149,0.022755,0,0.035059,-0.14635,-0.082651,0.012603,0.121452,0,-0.419959,-0.206461,0.006559,-0.042838,0.207005,0.056582,0.089882,0,-0.186611,-0.02,-0.582857,0.51194,0,-0.039959,-0.170318,0,0,-0.030006,-0.048158,-0.11909
2002,0,-0.180011,0,-0.092127,-0.445224,0.046606,0,-0.014413,0.011081,-0.115614,-0.007306,-0.15,-0.152273,-0.029522,0.030368,0.052765,0,0.074538,-0.44342,-0.182749,-0.024572,0.851349,0.021127,0,-0.017559,0.17904,-0.29772,0,-0.186041,-0.472688,0,-0.322581,0.249472,-0.208741,-0.048156,-0.005351,0.173513,0.098456,0.09596,0.122147,0.251486,-0.354991,-0.14745,-0.296862,-0.035139,-0.173746,-0.235357,0.074442,0.02738,-0.029895,0.686778,0,-0.0875,0.013312,0.026,0.019499,0,0,0.037225,0.208342,0.014233,0.119933,-0.065051,0.069001,0.038512,0.047288,-0.282779,0.000646,0.140065,-0.031287,0.254808,0.229134,-0.073,0.131897,-0.109259,-0.066857,0.365463,0.20655,0,0.038571,-0.019634,0.043401,0.088934,-0.398031,0,-0.146508,-0.566502,-0.30032,-0.297932,0.23396,0,0,-0.454087,0,-0.02256,0.022577,0,-0.181249,-0.140085,0.062598,-0.008237,0.139723,-0.037366,-0.061134,-0.128905,-0.075997,-0.086327,-0.140245,0,0.064073,0,0.130672,0.083887,0.0016,0.014803,0.004621,0.222776,0.345799,0,0.024691,-0.002769,-0.060591,0.025433,-0.108639,0,0,-0.126485,0.007856,-0.30272,-0.209922,-0.008113,-0.314161,0,-0.039344,-0.27345,-0.152891,-0.111346,-0.000625,-0.100144,-0.077576,-0.061926,0,-0.017919,0.239311,0.077686,0.210712,0,0,0.03765,0,0.091545,-0.080595,0,0.017609,-0.073975,0,-0.052782,0.011325,0,0,-0.524392,0.022749,0,-0.005171,-0.356522,-0.28178,-0.005278,-0.174384,-0.445482,-0.226358,0.025951,-0.086251,0.0064,-0.009805,-0.179305,-1.006457,0.04141,-0.003012,0.126453,0,-0.000881,0.014561,0,-0.098095,-0.054163,-0.153551,-0.097502,-0.157474,0.213043,-0.021879,0.088152,-0.149533,0.702368,-0.176314,-0.031694,-0.861173,0.014452,0.08704,0.02631,0.026217,0,0.045484,0.034308,-0.089177,0.035059,0,-0.073442,-0.199969,-0.081197,-0.026152,-0.273303,-0.217181,0,-0.122342,0,-0.146353,0,-0.14635,-0.08222,-0.027083,-0.026288,0.034304,0.069513,-0.022095,0.07064,0,0,0.032648,0,-0.065359,0.122176,0.039214,-0.054411,0.210417,0,0,-0.280555,-0.094149,0.022755,0,0.035059,-0.14635,-0.082651,0.012603,0.121452,0,-0.419959,-0.206461,0.006843,-0.041839,0.207005,0.056582,0.089041,0,-0.186611,-0.02,-0.582857,0.583254,0,-0.03971,-0.170318,0,0,-0.030006,-0.048158,-0.11909
2003,0,-0.180011,0,-0.092127,-0.445224,0.046606,0,-0.014366,0.011081,-0.115614,-0.007306,-0.15,-0.152273,-0.029522,0.030368,0.049817,0,0.074538,-0.44342,-0.182749,-0.024572,0.341552,0.013009,0,-0.017559,0.176621,-0.29772,0,-0.186041,-0.472688,0,-0.322581,0.249472,-0.208741,-0.048156,-0.005351,0.12233,0.098462,0.09596,0.122147,0.251485,-0.354991,-0.14745,-0.296862,-0.035139,-0.173746,-0.235357,0.074442,0.02738,-0.029895,0.464866,0,-0.0875,0.013312,0.026,0.020438,0,0,0.037225,0.208342,0.014233,0.106572,-0.064895,0.061182,0.036167,0.045609,-0.282779,0.000646,0.140704,-0.031287,0.278879,0.229134,-0.073,0.115914,-0.109032,-0.066857,0.365463,0.190922,0,0.038571,-0.019634,0.043401,0.088934,-0.398031,0,-0.146508,-0.566502,-0.30032,-0.297932,0.233959,0,0,-0.454087,0,-0.02256,0.022701,0,-0.181249,-0.140085,0.031098,-0.008237,0.139723,-0.041547,-0.064012,-0.128649,-0.075756,-0.086327,-0.139987,0,0.064073,0,0.130672,0.083887,0.0016,0.014803,0.004621,0.222776,0.345799,0,0.024691,-0.002769,-0.060591,0.025433,-0.108639,0,0,-0.098835,0.007856,-0.305632,-0.209922,-0.008113,-0.314161,0,-0.039344,-0.276015,-0.152891,-0.111046,0,-0.100144,-0.085403,-0.065249,0,-0.023911,0.239311,0.077686,0.210712,0,0,0.03765,0,0.094815,-0.080595,0,0.01764,-0.073975,0,-0.057014,0.011325,0,0,-0.524392,0.0228,0,-0.048066,-0.356522,-0.28178,-0.005278,-0.174384,-0.445482,-0.226358,0.025951,-0.086251,0.0064,-0.009805,-0.179305,-1.006457,0.04141,-0.003012,0.126453,0,-0.000881,0.014688,0,-0.098245,-0.054163,-0.153551,-0.097502,-0.157474,0.213043,-0.021879,0.093024,-0.149533,0.702368,-0.176314,-0.031694,-0.861173,0.014452,0.08704,0.023482,0.026217,0,0.055117,0.035696,-0.089177,0.035059,0,-0.073442,-0.199969,-0.338203,-0.026152,-0.273303,-0.217181,0,-0.122342,0,-0.146353,0,-0.14635,-0.082385,-0.027083,-0.026288,0.026065,0.069513,-0.022095,0.07064,0,0,0.035182,0,-0.065359,0.108797,0.037076,-0.054411,0.210417,0,0,-0.280555,-0.094149,0.022806,0,0.035059,-0.14635,-0.082651,0.012603,0.121452,0,-0.419959,-0.206461,0.006559,-0.043507,0.207005,0.056582,0.089592,0,-0.186611,-0.02,-0.582857,0.57763,0,-0.042006,-0.170318,0,0,-0.030006,-0.048158,-0.11909
2004,0,-0.523168,0,-0.092127,-0.445224,0.046606,0,-0.01441,0.011081,-0.115614,-0.007306,-0.15,-0.152273,-0.029522,0.030368,0.051834,0,0.074538,-0.44342,-0.182749,-0.024572,0.335788,0.012652,0,-0.017559,0.178263,-0.29772,0,-0.186041,-0.472688,0,-0.322581,3.18459,-0.208741,-0.048156,-0.005351,0.120881,0.098469,0.09596,0.122147,0.251484,-0.354991,-0.14745,-0.296862,-0.035139,-0.173746,-0.235357,0.074442,0.02738,-0.029895,0.464779,0,-0.0875,0.013312,0.030431,0.019508,0,0,0.037225,0.208342,0.014233,0.119566,-0.156596,0.068829,0.035749,0.046336,-0.282779,0.000646,0.15187,-1.839679,0.292869,0.229134,-2.150946,0.123032,-0.293754,-0.066857,0.365463,0.222178,0,0.038571,-0.019634,0.043401,0.088934,-0.398031,0,-0.146508,-0.566502,-0.30032,-0.297932,0.23396,0,0,-0.454087,0,-0.02256,0.02333,0,-0.181249,-0.360154,0.06254,-0.008237,0.139723,-0.038277,-0.11198,-0.294708,-0.075828,-0.086327,-0.337174,0,0.064073,0,0.130672,0.083887,0.0016,0.014803,0.004621,0.222776,0.345799,0,0.024691,-0.002769,-0.060591,0.025433,-0.108639,0,0,-0.105686,0.007856,-0.305632,-0.209922,-0.008113,-0.314161,0,-0.039344,-0.276014,-0.366056,-0.342499,-0.000625,-0.100144,-0.075933,-0.114159,0,-0.017947,0.239311,0.077686,0.210712,0,0,0.03765,0,0.088275,-0.080595,0,0.017611,-0.073975,0,-0.05326,0.011325,0,0,-0.514979,0.022755,0,-0.00372,-0.356522,-0.28178,-0.005278,-0.174384,-0.445482,-0.226358,0.025951,-0.086251,0.0064,-0.009805,-0.179305,-1.006457,0.04141,-0.003012,0.126453,0,-0.000881,0.015301,0,-0.073104,-0.054163,-0.153551,-0.097502,-0.157474,0.213043,-0.021879,0.079371,-0.177918,0.702368,-0.176314,-0.031694,-0.861173,0.014452,0.08704,0.024331,0.026217,0,0.058722,0.03506,-0.089177,0.041449,0,-0.073442,-0.199969,0.032708,-0.026152,-0.273303,-0.217181,0,-0.122342,0,-0.328316,0,-0.328315,-0.05467,-0.027083,-0.026288,0.042542,0.069513,-0.022095,0.07064,0,0,0.032952,0,-0.065359,0.121808,0.036572,-0.054411,0.210417,0,0,-0.280555,-0.094149,0.022761,0,0.041449,-0.328315,-0.082651,0.012603,0.121452,0,-0.419959,-0.206461,0.006559,-0.043666,0.207005,0.056582,0.089442,0,-0.186611,-0.02,-0.582857,0.51729,0,-0.07623,-0.170318,0,0,-0.030006,-0.048158,-0.11909
2005,0,-0.178296,0,-0.092127,-0.445224,0.046606,0,-0.014415,0.011081,-0.115614,-0.007306,-0.15,-0.152273,-0.029522,0.030368,0.056538,0,0.074538,-0.44342,-0.182749,-0.024572,0.368958,0.01231,0,-0.017559,0.172324,-0.29772,0,-0.186041,-0.472688,0,-0.322581,0.260487,-0.208741,-0.048156,-0.005351,0.128664,0.098476,0.09596,0.122147,0.251485,-0.354991,-0.14745,-0.296862,-0.035139,-0.173746,-0.235357,0.074442,0.02738,-0.029895,0.459954,0,-0.0875,0.013312,0.026003,0.016705,0,0,0.037225,0.208342,0.014233,0.113915,-0.064767,0.065506,0.036,0.046424,-0.282779,0.000646,0.148577,-0.029335,0.297196,0.229134,-0.064717,0.123338,-0.108506,-0.066857,0.365463,0.207079,0,0.038571,-0.019634,0.043401,0.088934,-0.398031,0,-0.146508,-0.566502,-0.30032,-0.297932,0.233959,0,0,-0.454087,0,-0.02256,0.023258,0,-0.181249,-0.139105,0.06254,-0.008237,0.142193,-0.039578,-0.062591,-0.128127,-0.075969,-0.086327,-0.139226,0,0.064073,0,0.130672,0.083887,0.0016,0.014803,0.004621,0.222776,0.345799,0,0.024691,-0.002769,-0.060591,0.025433,-0.108639,0,0,-0.1125,0.007856,-0.305688,-0.209922,-0.008113,-0.314161,0,-0.039344,-0.276063,-0.151763,-0.110285,-0.000625,-0.100144,-0.081083,-0.063839,0,-0.020378,0.239311,0.077686,0.210712,0,0,0.03765,0,0.088221,-0.080595,0,0.017607,-0.073975,0,-0.055281,0.011325,0,0,-0.519828,0.022749,0,-0.005147,-0.356522,-0.28178,-0.005278,-0.174384,-0.445482,-0.226358,0.025951,-0.086251,0.0064,-0.009805,-0.179305,-1.006457,0.04141,-0.003012,0.126453,0,-0.000881,0.015155,0,-0.098325,-0.054163,-0.153551,-0.097502,-0.157474,0.213043,-0.021879,0.08814,-0.149446,0.702368,-0.176314,-0.019985,-0.861173,0.014452,0.08704,0.024112,0.026217,0,0.067218,0.035332,-0.089177,0.035072,0,-0.073442,-0.199969,0.105515,-0.026152,-0.273303,-0.217181,0,-0.122342,0,-0.145493,0,-0.14549,-0.082439,-0.027083,-0.026288,0.034304,0.069513,-0.022095,0.07064,0,0,0.032685,0,-0.065359,0.116148,0.037087,-0.054411,0.210417,0,0,-0.280555,-0.094149,0.022755,0,0.035072,-0.14549,-0.082651,0.012603,0.121452,0,-0.419959,-0.206461,0.005424,-0.043538,0.207005,0.056582,0.089119,0,-0.186611,-0.02,-0.582857,0.158267,0,-0.040876,-0.170318,0,0,-0.030006,-0.048158,-0.11909
2006,0,-0.178175,0,-0.092127,-0.445224,0.046606,0,-0.014428,0.011081,-0.115614,-0.007306,-0.15,-0.152273,-0.029522,0.030368,0.058188,0,0.074538,-0.44342,-0.182749,-0.024572,0.336254,0.02027,0,-0.017559,0.161365,-0.29772,0,-0.186041,-0.472688,0,-0.322581,0.260487,-0.208741,-0.048156,-0.005351,0.12508,0.098483,0.09596,0.122147,0.251485,-0.354991,-0.14745,-0.296862,-0.035139,-0.173746,-0.235357,0.074442,0.02738,-0.029895,0.469342,0,-0.0875,0.013312,0.030442,0.019515,0,0,0.037225,0.208342,0.014233,0.11318,-0.064936,0.065079,0.015557,0.034374,-0.282779,0.000646,0.155433,-0.024511,0.298746,0.229134,-0.064873,0.126944,-0.108648,0.048822,0.365463,0.206554,0,0.038571,-0.019634,0.043401,0.088934,-0.398031,0,-0.146508,-0.566502,-0.30032,-0.297932,0.233959,0,0,-0.454087,0,-0.02256,0.023659,0,-0.181249,-0.139027,0.06254,-0.008237,0.139739,-0.039348,-0.060754,-0.12833,-0.076005,-0.086327,-0.13946,0,0.064073,0,0.130672,0.083887,0.0016,0.014803,0.004621,0.222776,0.345799,0,0.024691,-0.002769,-0.060591,0.025433,-0.108639,0,0,-0.11243,0.007856,-0.305576,-0.209922,-0.008113,-0.314161,0,-0.039344,-0.275965,-0.15193,-0.110295,-0.000625,-0.100144,-0.081406,-0.061732,0,-0.031135,0.239311,0.077686,0.210712,0,0,0.03765,0,0.091517,-0.080595,0,0.017599,-0.073975,0,-0.055104,0.011325,0,0,-0.53299,0.022733,55.509294,-0.02285,-0.356522,-0.28178,-0.005278,-0.174384,-0.445482,-0.226358,0.025951,-0.086251,0.0064,-0.009805,-0.179305,-1.006457,0.04141,-0.003012,0.126453,0,-0.000881,0.015612,0,0.071045,-0.054163,-0.153551,-0.097502,-0.157474,0.213043,-0.021879,0.089123,-0.149355,0.702368,-0.176314,-0.031704,-0.861173,0.014452,0.08704,0.02454,0.026217,0,0.064788,0.046873,-0.089177,0.035072,0,-0.073442,-0.199969,-0.076949,-0.026152,-0.273303,-0.217181,0,-0.122342,29.862794,-0.145428,0,-0.145425,-0.003159,-0.027083,-0.026288,0.034304,0.069513,-0.022095,0.07064,0,0,0.031852,0,-0.065359,0.115411,0.018202,-0.054411,0.210417,0,0,-0.280555,-0.094149,0.022739,0,0.035072,-0.145425,-0.082651,0.012603,0.121452,0,-0.419959,-0.206461,0.007127,-0.049882,0.207005,0.056582,0.089037,0,-0.186611,-0.02,-0.582857,0.518185,0,-0.03872,-0.170318,0,0,-0.030006,-0.048158,-0.11909
2007,0,-0.178298,0,-0.092127,-0.445224,0.046606,0,-0.014418,0.011081,-0.115614,-0.007306,-0.15,-0.152273,-0.029522,0.030368,0.05598,0,0.074538,-0.44342,-0.182749,-0.024572,0.339392,0.011712,0,-0.017559,0.176566,-0.29772,0,-0.186041,-0.472688,0,-0.322581,0.260487,-0.208741,-0.048156,-0.005351,0.127509,0.098489,0.09596,0.122147,0.251485,-0.354991,-0.14745,-0.296862,-0.035139,-0.173746,-0.235357,0.074442,0.02738,-0.029895,0.464517,0,-0.0875,0.013312,0.026006,0.020457,0,0,0.037225,0.208342,0.014233,0.119209,-0.064962,0.068606,0.038254,0.048026,-0.282779,0.000646,0.145832,-0.028254,0.281422,0.229134,-0.064933,0.121051,-0.108567,-0.062139,0.365463,0.206554,0,0.038571,-0.019634,0.043401,0.088934,-0.398031,0,-0.146508,-0.566502,-0.30032,-0.297932,0.23396,0,0,-0.454087,0,-0.02256,0.023133,0,-0.181249,-0.139106,0.06254,-0.008237,0.139739,-0.037221,-0.060971,-0.128414,-0.076938,-0.086327,-0.139385,0,0.064073,0,0.130672,0.083887,0.0016,0.014803,0.004621,0.222776,0.345799,0,0.024691,-0.002769,-0.060591,0.025433,-0.108639,0,0,-0.119189,0.007856,-0.305631,-0.209922,-0.008113,-0.314161,0,-0.039344,-0.276014,-0.151921,-0.110301,-0.000625,-0.100144,-0.078048,-0.062199,0,-0.016263,0.239311,0.077686,0.210712,0,0,0.03765,0,0.091517,-0.080595,0,0.017606,-0.073975,0,-0.053269,0.310442,0,0,-0.528249,0.022746,1.494424,-0.005137,-0.356522,-0.28178,-0.005278,-0.174384,-0.445482,-0.226358,0.025951,-0.086251,0.0064,-0.009805,-0.179305,-1.006457,0.04141,-0.003012,0.126453,0,-0.000881,0.014954,0,-0.087775,-0.054163,-0.153551,-0.097502,-0.157474,0.213043,-0.021879,0.088143,-0.149425,0.702368,-0.176314,-0.031704,-0.861173,0.014452,0.08704,0.0239,0.026217,0,0.075803,0.035824,-0.089177,0.035072,0,-0.073442,-0.199969,0.068427,-0.026152,-0.273303,-0.217181,0,-0.122342,0.289275,-0.145493,0,-0.145491,-0.073954,-0.027083,-0.026288,0.034304,0.069513,-0.022095,0.07064,0,0,0.032534,0,-0.065359,0.121449,0.039395,-0.054411,0.210417,0,0,-0.280555,-0.094149,0.022752,0,0.035072,-0.145491,-0.082651,0.012603,0.121452,0,-0.419959,-0.206461,0.007411,-0.04242,0.207005,0.056582,0.086773,0,-0.186611,-0.02,-0.582857,0.544071,0,-0.039767,-0.170318,0,0,-0.030006,-0.048158,-0.11909
2008,0,-0.178108,0,-0.092127,-0.445224,0.046606,0,-0.014415,0.011081,-0.115614,-0.007306,-0.15,-0.152273,-0.029522,0.030368,0.055093,0,0.074538,-0.44342,-0.182749,-0.024572,0.333303,0.011404,0,-0.017559,0.17574,-0.29772,0,-0.186041,-0.472688,0,-0.322581,0.260487,-0.208741,-0.048156,-0.005351,0.124763,0.098002,0.09596,0.122147,0.251484,-0.354991,-0.14745,-0.296862,-0.035139,-0.173746,-0.235357,0.074442,0.02738,-0.029895,0.46693,0,-0.0875,0.013312,0.030453,0.019525,0,0,0.037225,0.208342,0.014233,0.118806,-0.064604,0.068333,0.039609,0.049836,-0.282779,0.000646,0.154253,-0.027966,0.313531,0.229134,-0.063797,0.12602,-0.108161,-0.021154,0.365463,0.206554,0,0.038571,-0.019634,0.043401,0.088934,-0.398031,0,-0.146508,-0.566502,-0.30032,-0.297932,0.233959,0,0,-0.454087,0,-0.02256,0.035577,0,-0.181249,-0.138984,0.06254,-0.008237,0.139739,-0.037192,-0.060779,-0.127855,-0.075876,-0.086327,-0.138921,0,0.064073,0,0.130672,0.083887,0.0016,0.014803,0.004621,0.222776,0.345799,0,0.024691,-0.002769,-0.060591,0.025433,-0.108639,0,0,-0.139522,0.007856,-0.305603,-0.209922,-0.008113,-0.314161,0,-0.039344,-0.275989,-0.151433,-0.110158,0,-0.100144,-0.07814,-0.061972,0,-0.016169,0.242034,0.077686,0.210712,0,0,0.03765,0,0.091517,-0.080595,0,0.017607,-0.073975,0,-0.053025,0.011415,0,0,-0.508606,0.022749,1.494424,-0.005172,-0.356522,-0.28178,-0.005278,-0.174384,-0.445482,-0.226358,0.054881,-0.086251,0.0064,-0.009805,-0.179305,-1.006457,0.04141,-0.003012,0.126453,0,-0.000881,0.028789,0,-0.087774,-0.054163,-0.153551,-0.097502,-0.157474,0.213043,-0.021879,0.09012,-0.14942,0.702368,-0.176314,-0.031704,-0.861173,0.014452,0.08704,0.039168,0.026217,0,0.063587,0.038464,-0.089177,0.035072,0,-0.073442,-0.199969,-0.076228,-0.026152,-0.273303,-0.217181,0,-0.122342,0.289275,-0.145392,0,-0.14539,-0.073954,-0.027083,-0.026288,0.034304,0.050501,-0.022095,0.07064,0,0,0.032673,0,-0.065359,0.121046,0.040571,-0.054411,0.210417,0,0,-0.280555,-0.094149,0.022755,0,0.035072,-0.14539,-0.082651,0.012603,0.121452,0,-0.419959,-0.206461,0.006844,-0.04197,0.207005,0.109816,0.089319,0,-0.186611,-0.02,-0.582857,0.481896,0,-0.035951,-0.170318,0,0,-0.030006,-0.048158,-0.11909
2009,0,-0.178265,0,-0.092127,-0.445224,0.046606,0,-0.013782,0.011081,-0.115614,-0.007306,-0.15,-0.152273,-0.029522,0.030368,0.055546,0,0.074538,-0.44342,-0.182749,-0.024573,0.348996,0.019737,0,-0.017559,0.176782,-0.29772,0,-0.186041,-0.472688,0,-0.322581,0.260487,-0.208741,-0.048156,-0.005351,0.093739,0.098005,0.09596,0.122147,0.251483,-0.354991,-0.14745,-0.296862,-0.035139,-0.173746,-0.235357,0.074442,0.02738,-0.029895,0.46693,0,-0.0875,0.013312,0.02601,0.017653,0,0,0.037225,0.208342,0.014233,0.118936,-0.065178,0.068414,0.038193,0.046569,-0.282779,0.000646,0.147835,-0.027003,0.301337,0.229134,-0.064968,0.111482,-0.10482,-0.067009,0.365463,0.206554,0,0.038571,-0.019634,0.043401,0.088934,-0.398031,0,-0.146508,-0.566502,-0.30032,-0.297932,0.23396,0,0,-0.454087,0,-0.02256,0.022288,0,-0.181249,-0.139085,0.06254,-0.008237,-0.090915,-0.036316,-0.060255,-0.128148,-0.075842,-0.086327,-0.139275,0,0.064073,0,0.130672,0.083887,0.014836,0.014803,0.004621,0.222776,0.345799,-0.006721,0.024691,-0.002769,-0.060591,0.025433,-0.108639,0,0,-0.139321,0.007856,-0.305603,-0.209922,-0.008113,-0.314161,0,-0.039344,-0.275989,-0.151816,-0.110264,-0.000625,-0.100144,-0.07864,-0.061387,0,-0.016813,0.23933,0.077686,0.210712,0,0,0.03765,0,0.091517,-0.080595,0,0.01806,-0.073975,0,-0.052259,0.026504,0,0,-0.523832,0.023461,1.494424,-0.005137,-0.356522,-0.28178,-0.005278,-0.174384,-0.445482,-0.226358,0.025972,-0.086251,0.0064,-0.009805,-0.179305,-1.006457,0.051213,-0.003012,0.126453,0,-0.000881,0.014235,0,-0.087626,-0.054163,-0.153551,-0.097502,-0.157474,0.213043,-0.021879,0.090132,-0.145186,0.702368,-0.176314,-0.078327,-0.861173,0.014452,0.08704,0.02309,0.026217,0,0.045147,0.035826,-0.089177,0.035072,0,-0.073442,-0.199969,0.103857,-0.026152,-0.273303,-0.217181,0,-0.122342,0.289275,-0.145476,0,-0.145473,-0.07379,-0.027083,-0.026288,0.042588,0.07072,-0.022095,0.07064,0,0,0.032673,0,-0.065359,0.121176,0.038945,-0.054411,0.210417,0,0,-0.280555,-0.094149,0.023467,0,0.035072,-0.145473,-0.082651,0.012603,0.121452,0,-0.419959,-0.206461,0.006559,-0.040414,0.207005,0.056672,0.089413,0,-0.186611,-0.02,-0.582857,0.516844,0,-0.039448,-0.170318,0,0,-0.030006,-0.048158,-0.11909
2010,0,-0.179715,0,-0.092127,-0.445224,0.046606,0,-0.014413,0.011081,-0.115614,-0.007306,-0.15,-0.152273,-0.029522,0.030368,0.049657,0,0.074538,-0.44342,-0.182749,-0.024572,0.333456,0.017941,0,-0.017559,0.175112,-0.29772,0,-0.186041,-0.472688,0,-0.322581,0.260487,-0.208741,-0.048156,-0.005351,0.12465,0.098009,0.09596,0.122147,0.251484,-0.354991,-0.14745,-0.296862,-0.035139,-0.173746,-0.235357,0.074442,0.02738,-0.029895,0.46693,0,-0.0875,0.013312,0.030465,0.019533,0,0,0.037225,0.208342,0.014233,0.118262,-0.064718,0.067942,0.03813,0.04608,-0.282779,0.000646,0.128107,-0.025768,0.19065,0.229134,-0.064435,0.10788,-0.108404,-0.067009,0.365463,0.206554,0,0.038571,-0.019634,0.043401,0.088934,-0.398031,0,-0.146508,-0.566502,-0.30032,-0.297932,0.233959,0,0,-0.454087,0,-0.02256,0.021966,0,-0.181249,-0.140021,0.06254,-0.008237,0.138319,-0.037675,-0.061406,-0.128787,-0.075627,-0.086327,-0.14007,0,0.064073,0,0.130672,0.083887,0.001612,0.014803,0.004621,0.222776,0.345799,0,0.024691,-0.002769,-0.060591,0.025433,-0.108639,0,0,-0.186476,0.007856,-0.305603,-0.209922,-0.008113,-0.314161,0,-0.039344,-0.275989,-0.15269,-0.111228,-0.000625,-0.100144,-0.078415,-0.062612,0,-0.017042,0.23933,0.077686,0.210712,0,0,0.03765,0,0.105382,-0.080595,0,0.017614,-0.073975,0,-0.053518,0.01142,0,0,-0.521638,0.022759,1.494424,-0.004127,-0.356522,-0.28178,-0.005278,-0.174384,-0.445482,-0.226358,0.025972,-0.086251,0.0064,-0.009805,-0.179305,-1.006457,0.041447,-0.003012,0.126453,0,-0.000881,0.013728,0,-0.087656,-0.054163,-0.153551,-0.097502,-0.157474,0.213043,-0.021879,0.088155,-0.150377,0.702368,-0.176314,-0.031663,-0.861173,0.014452,0.08704,0.022498,0.026217,0,0.065997,0.035826,-0.089177,0.035072,0,-0.073442,-0.199969,0.031654,-0.026152,-0.273303,-0.217181,0,-0.122342,0.289275,-0.146249,0,-0.146246,-0.073823,-0.027083,-0.026288,0.033481,0.068264,-0.022095,0.07064,0,0,0.032819,0,-0.065359,0.120501,0.039139,-0.054411,0.210417,0,0,-0.280555,-0.094149,0.022765,0,0.035072,-0.146246,-0.082651,0.012603,0.121452,0,-0.419959,-0.255201,0.006559,-0.042576,0.207005,0.056672,0.089968,0,-0.186611,-0.02,-0.582857,0.440149,0,-0.040407,-0.170318,0,0,-0.030006,-0.048158,-0.11909
2011,0,-0.212422,0,-0.087956,-0.445225,0.051953,0,-0.017822,0,-0.081631,-0.007306,-0.15,-0.15,0.092379,0.043602,0.10953,0.667445,-0.003765,-0.44342,-0.182822,-0.007593,0.176861,0.016412,0,0.225938,0.001773,-0.513459,0,-0.195475,-0.184153,0,0,0.051893,-0.208741,-0.048156,-0.004607,0.129586,0.087484,0,0.234239,0.206299,-0.354987,-0.118466,-0.485819,-0.035139,-0.121339,-0.235357,0.074442,0.320525,-0.07343,0.362595,0.157658,0,-0.002814,0.028512,0.006677,0,0,0.19095,0.126392,0.003191,0.035025,-0.091602,0.051374,0.010599,0.021194,-0.168312,-0.00346,0.08429,-0.027867,0.011982,0.400991,-0.064741,0.083201,-0.127309,0.112317,0.365408,0.152313,0,0.04,-0.046113,0.079362,0,-0.054927,0,-0.146508,-0.566403,-0.300284,-0.297968,0,0,0,-0.255319,0.37037,-0.059385,0.040941,0,-0.199553,-0.16078,0.007147,-0.1127,0.031879,-0.02552,-0.059411,-0.155722,-0.071057,-0.493343,-0.173715,0,0.089601,0,0.09955,0,0,0.006963,0.101664,0.181957,0.351062,0,-0.012071,0.016763,-0.033008,0.023076,-1.974179,0,0,-0.09613,0,-0.163695,-0.14948,0.05826,-0.314161,0,0,-0.14649,-0.194053,-0.138309,0.00125,0.08037,-0.090725,-0.062048,0,0.019481,0.054801,0,0.062095,0,24.8,0.004535,0,0.072451,-0.032187,0,0.001475,-0.063006,0,-0.047882,0.269389,0,0,-0.445676,0.00166,0,-0.000479,-0.36087,-0.262504,-0.005278,0.303492,-0.445482,0.314454,0.012902,-0.086249,-0.00547,-0.009805,-0.179305,-0.466379,-0.048021,0.021356,0,0,-0.001147,0.035049,0,-0.100552,-0.041804,-0.153565,-0.133636,0.117,0.186957,-0.068217,0.064406,-0.176193,0.054791,-0.176314,0.131019,-1.042673,0.006312,0.086822,0.039564,0,0,0.320605,-0.002505,0.040535,0.050347,0,-0.073337,-0.20776,-0.432305,-0.026152,-0.273289,-0.217181,0,-0.122342,0.014933,-0.165005,0,-0.165002,-0.091226,-0.645833,-0.061782,0.018459,0.010542,-0.045662,0.070581,10.882353,0,0.032674,0,-0.101652,0.036628,0.014373,-0.054422,-0.004698,0.016862,0,-0.147795,-0.094149,0.001657,0,0.050347,-0.165002,-0.082651,0.009848,0.142203,0,-0.419962,-0.205725,0.03763,-0.029171,0.215632,0.030063,0.093155,0,-0.186384,-0.026667,0.417143,0.431517,0,-0.034808,-0.171025,0,0,-0.030006,-0.253138,-0.11909
2012,0,-0.480339,0,-0.087956,-0.445225,0.051953,0,-0.433371,0,-0.081631,-0.007306,-0.15,-0.15,0.092379,0.043602,0.109831,0.667445,-0.003765,-0.44342,-0.182822,-0.007593,0.176861,0.018057,0,0.225938,0.005756,-0.513459,0,-0.195475,-0.184153,0,0,0.051893,-0.208741,-0.048156,-0.004607,0.136532,0.087486,0,0.234239,0.206299,-0.354987,-0.118466,-0.485819,-0.035139,-0.121339,-0.235357,0.074442,0.320525,-0.07343,0.528579,0,0,-0.002814,0.028512,0.007617,0,0,0.19095,0.126392,0.003191,0.034924,-0.091536,0.051172,0.010488,0.020765,-0.168312,-0.00346,0.077554,-0.02559,-0.022142,0.400991,-0.06478,0.080802,-0.273604,0.109908,0.365408,0.152313,0,0.04,-0.046113,0.079362,0,-0.054927,0,-0.146508,-0.566403,-0.300284,-0.297968,0,0,0,-0.255319,0.37037,-0.059385,0.041023,0,-0.199553,0.206643,0.007147,-0.1127,0.031879,-0.025528,-0.1009,-0.288491,-0.071573,-0.493343,-0.330167,0,0.089601,0,0.09955,0,0,0.006963,0.101664,0.181957,0.351062,0,-0.012071,0.016763,-0.033008,0.023076,-1.974179,0,0,-0.183677,0,-0.161977,-0.14948,0.05826,-0.314161,0,0,-0.143793,-0.36312,-0.319247,0.000625,0.08037,-0.090859,-0.104205,0,0.019448,0.054249,0,0.062095,0,0,0.004535,0,0.068937,-0.022719,0,0.001475,-0.063006,0,-0.047672,0.269389,0,0,-0.43334,0.00166,0,-0.000715,-0.36087,-0.262504,-0.005278,-0.009014,-0.445482,0.314454,0.012902,-0.086249,-0.00547,-0.009805,-0.179305,-0.466379,-0.051305,0.021356,0,0,-0.001147,0.034457,0,-0.101006,-0.041804,-0.153565,-0.133636,0.117,0.186957,-0.068217,0.060431,-0.343008,0.054791,-0.176314,0.131019,-1.042673,0.006312,0.086822,0.039619,0,0,0.354265,-0.002505,0.040535,0.050347,0,-0.82701,-0.20776,-0.429855,-0.026152,-0.273289,-0.217181,0,-0.122342,0.014933,-0.308506,11.325622,-0.308505,-0.091729,-0.645833,-0.061782,0.015971,0.01085,-0.045662,0.070581,0,0,0.032674,0,-0.101652,0.036527,0.014658,-0.054422,-0.004698,0.016862,0,-0.147795,-0.094149,0.001657,0,0.050347,-0.308505,-0.082651,0.009848,0.142203,0,-0.419962,-0.205725,0.03763,-0.028745,0.215632,0.030063,0.091854,0,-0.186384,-0.026667,0.417143,0.406092,0,-0.06465,-0.171025,0,0,-0.030006,-0.253138,-0.11909
2013,0,-0.210019,0,-0.087956,-0.445225,0.051953,0,-0.018468,0,-0.081631,-0.007306,-0.15,-0.15,0.092379,0.043602,0.109677,0.667445,-0.003765,-0.44342,-0.182822,-0.007593,0.176861,0.020779,0,0.225938,0.001563,-0.513459,0,-0.195475,-0.184153,0,0,0.051893,-0.208741,-0.048156,-0.004607,0.098713,0.08749,0,0.234239,0.206299,-0.354987,-0.118466,-0.485819,-0.035139,-0.121339,-0.235357,0.074442,0.320525,-0.07343,1.146363,0,0,-0.002814,0.032979,-0.026179,0,0,0.19095,0.126392,0.003191,0.035964,-0.09157,0.051784,0.010437,0.019157,-0.168312,-0.00346,0.061987,-0.023684,0.002335,-0.998035,-0.064545,0.06855,-0.126113,0.109908,0.365408,0.152313,0,0.04,-0.046113,0.079362,0,-0.054927,0,-0.146508,-0.566403,-0.300284,-0.297968,0,0,0,-0.255319,0.37037,-0.059385,0.040094,0,-0.199553,-0.164521,0.007147,-0.1127,0.031879,-0.025229,-0.059014,-0.154578,-0.071559,-0.493343,-0.172139,0,0.089601,0,0.09955,0,0.00084,0.006963,0.101664,0.181957,0.351062,0,-0.012071,0.016763,-0.033008,0.023076,-1.974179,0,0,-0.180546,0,-0.156055,-0.14948,0.05826,-0.314161,0,0,-0.138548,-0.192295,-0.136672,0.00125,0.08037,-0.090283,-0.060689,0,0.01889,0.053694,0,0.062095,0,0,0.004535,0,0.065364,-0.022904,0,0.00151,-0.063006,0,-0.046411,0.269389,0,0,-0.438544,0.001715,0,-0.000722,-0.36087,-0.262504,-0.005278,-0.009014,-0.445482,0.314454,0.012902,-0.086249,-0.00547,-0.009805,-0.179305,-0.466379,-0.041579,0.032361,0,0,-0.001147,0.033577,0,-0.116631,-0.041804,-0.153565,-0.133636,0.117,0.186957,-0.068217,0.060435,-0.174444,0.054791,-0.176314,0.125062,-1.042673,0.006312,0.086822,0.041987,0,0,0.334313,-0.002505,0.040535,0.050347,0,-0.093281,-0.20776,-0.393506,-0.026152,-0.273289,-0.217181,0,-0.122342,0.014933,-0.163813,0,-0.163809,-0.109091,-0.645833,-0.061782,0.015971,0.027455,-0.045662,0.070581,0,0,0.032674,0,-0.101652,0.03757,0.014336,-0.054422,-0.004698,0.016862,0,-0.147795,-0.094149,0.001712,0,0.050347,-0.163809,-0.082651,0.009848,0.142203,0,-0.419962,-0.205725,0.03763,-0.027105,0.215632,0.030063,0.091894,0,-0.186384,-0.026667,0.417143,0.493127,0,-0.034114,-0.171025,0,0,-0.030006,-0.253138,-0.11909
2014,0,-0.210001,0,-0.087956,-0.445225,0.051953,0,-0.018485,0,-0.081631,-0.007306,-0.15,-0.15,0.092379,0.043602,0.109205,0.667445,-0.003765,-0.44342,-0.182822,-0.007593,0.176861,0.019796,0,0.225938,-0.010175,-0.513459,0,-0.195475,-0.184153,0,0,0.051893,-0.208741,-0.048156,-0.004607,0.108985,0.087492,0,0.234239,0.206299,-0.354987,-0.118466,-0.485819,-0.035139,-0.121339,-0.235357,0.074442,0.320525,-0.07343,0.541403,0,0,-0.002814,0.028516,0.003857,0,0,0.19095,0.126392,0.003191,0.034301,-0.09064,0.050936,0.01247,0.021522,-0.168312,-0.00346,0.082091,-0.025145,0.002335,0.391028,-0.064219,0.074857,-0.126382,0.109908,0.365408,0.152313,0,0.04,-0.046113,0.079362,0,-0.054927,0,-0.146508,-0.566403,-0.300284,-0.297968,0,0,0,-0.255319,0.37037,-0.059385,0.040916,0,-0.199553,-0.164508,0.007147,-0.1127,-0.149958,-0.025624,-0.058921,-0.153414,-0.071635,-0.493343,-0.170758,0,0.089601,0,0.09955,0,0,0.006963,0.101664,0.181957,0.351062,0,-0.012071,0.016763,-0.033008,0.023076,-1.974179,0,0,-0.105317,0,-0.162042,-0.14948,0.05826,-0.314161,0,0,-0.143328,-0.192379,-0.13666,0.000625,0.08037,-0.089965,-0.061422,0,0.019229,0.068151,0,0.062095,0,0,0.004535,0,0.072384,-0.022719,0,0.001497,-0.063006,0,-0.047339,0.269389,0,0,-0.443609,0.00166,0,-0.000715,-0.36087,-0.262504,-0.005278,-0.009014,-0.445482,0.314454,0.012902,-0.086249,-0.00547,-0.009805,-0.179305,-0.466379,-0.051351,0.022724,0,0,-0.001147,0.034209,0,-0.099189,-0.041804,0.017415,-0.133636,0.117,0.186957,-0.068217,0.061442,-0.174721,0.054791,-0.176314,0.13084,-1.042673,0.006312,0.086822,0.039269,0,0,0.329127,-0.002505,0.040535,0.050347,0,-0.093281,-0.20776,-0.425714,-0.026152,-0.273289,-0.217181,0,-0.122342,0.014933,-0.163803,0,-0.1638,-0.089728,-0.645833,-0.061782,0.022618,0.00993,-0.045662,0.070581,0,0,0.032674,0,-0.101652,0.035903,0.016254,-0.054422,-0.004698,0.042213,0,-0.147271,-0.094149,0.001657,0,0.050347,-0.1638,-0.082651,0.009848,0.142203,0,-0.419962,-0.205725,0.038492,-0.028805,0.215632,0.030063,0.091696,0,-0.186384,-0.026667,0.417143,0.378897,0,-0.034393,-0.171025,0,0,-0.030006,-0.253138,-0.11909
2015,0,-0.210214,0,-0.087956,-0.445225,0.051953,0,-0.018514,0,-0.081631,-0.007306,-0.15,-0.15,0.092379,0.043602,0.109825,0.667445,-0.003765,-0.44342,-0.182822,-0.007593,0.176861,0.01375,0,0.225938,0.002401,-0.513459,0,-0.195475,-0.184153,0,0,0.051893,-0.208741,-0.048156,-0.004607,0.13157,0.087494,0,0.234239,0.206299,-0.354987,-0.118466,-0.485819,-0.035139,-0.121339,-0.235357,0.074442,0.320525,-0.07343,0.460999,0,0,-0.002814,0.032991,0.009485,0,0,0.19095,0.126392,0.003191,0.034959,-0.094986,0.05131,0.00198,0.014967,-0.168312,-0.00346,0.090276,-0.029951,0.043084,0.391028,-0.0647,0.088405,-0.126534,0.105055,0.365408,0.152313,0,0.04,-0.046113,0.079362,0,-0.054927,0,-0.146508,-0.566403,-0.300284,-0.297968,0,0,0,-0.255319,0.37037,-0.059385,0.041684,0,-0.199553,-0.164654,0.007147,-0.1127,0.031624,-0.025532,-0.060617,-0.15897,-0.104699,-0.493343,-0.171348,0,0.089601,0,0.09955,0,0,0.006963,0.101664,0.181957,0.351062,0,-0.012071,0.016763,-0.033008,0.023076,-1.974179,0,0,-0.11265,0,-0.16279,-0.14948,0.05826,-0.314161,0,0,-0.144512,-0.192514,-0.136804,0.00125,0.528478,-0.09498,-0.063181,0,0.020177,0.05427,0,0.062095,0,0,0.004535,0,0.072384,-0.022719,0,0.001474,-0.063006,0,-0.049515,0.269389,0,0,-0.443609,0.00166,0,-0.00073,-0.36087,-0.262504,-0.005278,-0.009014,-0.445482,0.314454,0.012902,-0.086249,-0.00547,-0.009805,-0.179305,-0.466379,-0.044918,0.013833,0,0,-0.001147,0.035326,0,-0.101016,-0.041804,-0.154021,-0.133636,0.117,0.186957,-0.068217,0.05944,-0.174808,0.054791,-0.176314,0.130996,-1.042673,0.006312,0.086822,0.040285,0,0,0.335501,-0.002505,0.040535,0.05353,0,-0.093281,-0.20776,-0.357969,-0.026152,-0.273289,-0.217181,0,-0.122342,0.014933,-0.163917,0,-0.163914,-0.091758,-0.645833,-0.061782,0.014311,0.001932,-0.040761,0.070581,0,0,0.032674,0,-0.101652,0.036563,0.006143,-0.054422,-0.004698,0.016917,0,-0.147797,-0.094149,0.001656,0,0.05353,-0.163914,-0.082651,0.009848,0.142203,0,-0.419962,-0.205725,0.037632,-0.028954,0.215632,0.030063,0.002761,0,-0.186384,-0.026667,0.417143,0.428315,0,-0.03542,-0.171025,0,0,-0.030006,-0.253138,-0.11909
2016,0,-0.220738,0,-0.081621,-0.445231,-0.000274,0,-0.017615,0,-0.03179,-0.007376,-0.15,-0.159091,0.100663,0.043626,0.114878,0,0,-0.44342,-0.182749,0,0.073692,0.024684,0,0.312695,0.372804,-0.488821,0,-0.255276,-0.215682,0,0,0.001487,-0.208741,-0.048156,-0.004425,0.053936,0.087549,0,0.165332,0.230676,-0.355,-0.118466,-0.485821,-0.035139,-0.157882,-0.236432,0.074442,0.320603,-0.069927,0.565505,0,0,-0.010823,0.018909,-0.046846,0,0,-0.0005,0.16746,0,0.127798,-0.045944,0.110633,0.017205,0.021585,-0.258778,-0.003456,0.05411,-0.025272,0.015336,0.005521,-0.064946,0.049316,-0.131157,0,0.365627,0.152313,0,0.042857,-0.046105,0.016534,0,0.183704,0,-0.162787,-0.567194,-0.300142,-0.298039,-0.000023,0,0,-0.108249,5.555556,-0.046736,0.025694,0,-0.185718,-0.17765,0.037885,-0.112845,-0.022902,-0.006347,-0.045017,-0.154473,-0.069326,0.129905,-0.172514,0,0.089601,0,0.111482,0.006201,0,0.004988,-1.155268,0.181964,0.358264,0,-0.010974,0.010836,0.051938,0.023097,-0.881996,0,0,-0.152442,0,-0.164871,-0.14948,0.058651,-0.314161,0,0,-0.148114,-0.192544,-0.144055,0,-0.051056,-0.081352,-0.046154,0,0.017305,0.052349,0,0.062192,0,0,0.033834,0,0.003041,-0.022705,0,-0.000112,-0.065722,0,-0.027844,0.288263,0,0.09375,-0.422704,0.002765,0,-0.000713,-11.152174,-0.396386,-0.005278,-0.005008,-0.445482,-0.455273,-0.00219,-0.086252,-0.00547,-0.009805,-0.179301,-0.830979,0.027621,0.025456,0,0,0.000532,0.015708,-0.000646,-0.109678,-0.083489,-0.15394,-0.143945,0.117014,0.195652,-0.076273,0.048989,-0.182389,0.055242,-0.176314,0,-0.417342,0,0.087072,0.028451,0,0,0.122088,0.011637,0.08107,0.042002,0,-0.086585,-0.20776,-0.2622,-0.026081,-0.273344,-0.217181,0,-0.122342,0.007432,-0.168066,0,-0.168063,-0.098313,-0.645833,-0.072756,0.035356,-0.098939,0,0.07093,0,0,0,0,-0.096093,0.130103,0.018729,-0.054422,-0.086124,0,0,-0.152086,-0.094149,0.002767,0,0.042002,-0.168063,-0.081871,0.009848,0,0,-0.529465,-0.205715,0.012084,-0.004457,0.154268,0,0.083916,0,-0.158426,0,0.428571,1.007191,0,-0.02747,-0.169611,0,0,-0.030006,-0.253299,-0.11909
2017,0,-0.215365,0,-0.081283,-0.445215,-0.010128,0,-0.01938,0,-0.04056,-0.007376,-0.15,-0.136364,-0.002574,0.043505,0.118735,0,0,-0.44342,-0.182749,0,0.119749,0.024621,0,0.222656,0.071433,-0.489259,0,-0.238586,-0.238151,0,0,0.051909,-0.208741,-0.048156,-0.004126,0.07717,0.087067,0,0.165332,0.200209,-0.355,-0.118466,-0.485816,-0.035139,-0.198035,-0.236432,0.074442,0.320603,-0.059923,0.08166,0,0,-0.002165,0.023443,-0.000936,0.000431,0,0.0235,0.16746,-0.005458,0.00092,-0.089488,-0.00062,0.019133,0.024626,-0.258778,0,0.077884,-0.025647,0.009365,1.339264,-0.064607,0.060899,-0.126149,-0.002426,0.365627,0.152313,0,0.042857,-0.046105,0.020667,0,0.183704,0,-0.162787,-0.566206,-0.300142,-0.298039,0,0,0,-0.108249,0,-0.046787,-0.000072,0,-0.187148,-0.17248,0.133804,-0.112845,-0.015998,-0.037759,-0.067192,-0.149962,-0.06109,-0.704121,-0.168785,0,0.089601,0,0.111337,0.030596,0,0.007182,0,0.181964,0.359187,0,-0.013717,0.010835,0.051938,0.023067,-0.881996,0,0,-0.096015,0,-0.192752,-0.14948,0.058651,-0.314161,0,0,-0.172148,-0.188815,-0.138493,0,-0.051056,-0.085079,-0.069383,0,0.001752,0.096342,0,0.062192,0,0,0.02644,0,-0.003574,-0.022723,0,0.001978,-0.065727,0,-0.056294,-0.007137,0,0.125,-0.441739,0.002895,0,-0.000713,0,-0.281912,-0.005239,0.18027,-0.445482,-0.15264,-0.018605,-0.086252,-0.00547,-0.009805,-0.179297,-0.830979,0.027918,0.023434,0,0,0.015571,-0.006105,-0.000323,-0.09018,-0.023765,-0.154074,-0.137109,0.117014,0.173913,-0.074041,0.039191,-0.178302,0.055242,-0.176314,0,-0.988825,0,0.14005,-0.004365,0,0,0,0.011637,0.040535,0.051759,0,-0.092163,-0.20776,-0.343271,-0.026081,-0.273344,-0.217181,0,-0.122342,0.019209,-0.164603,0,-0.1646,-0.076808,-0.645833,-0.046795,0.052621,-0.089321,0,0.070349,0,0,0,0,-0.09371,0.002264,0.019488,-0.054422,-0.070465,0,0,-0.173883,-0.073974,0.002898,0,0.051759,-0.1646,-0.081871,0.009848,0.158726,0,-0.529465,-0.205715,0.011796,-0.044726,0.119986,-0.032796,0.058695,0,-0.130469,0,0.428571,0.117982,0,-0.050919,0.867008,0,0,-0.030006,-0.25307,-0.11909
2018,0,-0.212804,0,-0.085228,-0.445223,-0.000091,0,-0.019522,0,-0.039464,-0.007376,-0.15,-0.159091,-0.001599,0.043505,0.140784,0,0,-0.44342,-0.182749,0,0.119749,0.027816,0,0,0.07313,-0.488821,0,-0.220604,-0.124454,0,0,0.05939,-0.208741,-0.048156,-0.004125,0.029798,0.087067,0,0.165332,0.200205,-0.355,-0.118466,-0.485821,-0.043924,-0.179621,-0.231059,0.074442,0.320407,-0.072101,0,0,0.375,-0.002165,0.023443,-0.000936,0.001294,0,0.024,0.16746,-0.005458,0.048012,-0.067683,0.030648,0.012149,0.016025,-0.258778,0,0.05665,-0.02657,0.004413,0,-0.064801,0.045408,-0.123214,0,0.365627,0.152313,0,0.042857,-0.046105,0.037201,0,0.031731,0,-0.162787,-0.566206,-0.300142,-0.298039,0,0,0,-0.108249,0,-0.046736,0.006752,0,-0.187237,-0.171333,0.0447,-0.112845,-0.014793,-0.016424,-0.051367,-0.15024,-0.067173,-0.322516,-0.167834,0,0.089601,0,0.058064,0.010133,0,0.003712,0,0.181964,0.359187,0,0,0.010831,0.051938,0.095077,-0.881996,0,0,-0.109186,0,-0.131094,-0.14948,0.058651,-0.314161,0,0,-0.115848,-0.186835,-0.135733,0,-0.035004,-0.090943,-0.05342,0,0.018779,0.038091,0,0.062192,0,0,0.022406,0,0.00168,-0.022723,0,0.001388,-0.065727,0,-0.03803,0,0,0.125,-0.440412,0.001807,0,-0.00071,0,-0.23199,-0.005336,0.02003,-0.445482,-0.15264,-0.002042,-0.086252,-0.00547,-0.009805,-0.179299,-0.830979,0.027621,0.022731,0,0,0.016331,0.002292,-0.000323,-0.117592,-0.053627,-0.200173,-0.124016,0.11698,0.195652,-0.074041,0.041209,-0.176474,0.055242,-0.176314,0,-0.703096,0,0.08714,0.004622,0,0,0,0,0.040535,0.047063,0,-0.092163,-0.20776,-0.31548,-0.026081,-0.273344,-0.217181,0,-0.122342,0.001601,-0.164501,0,-0.164498,-0.107472,-0.645833,-0.078462,0,-0.095598,0,0.070349,0,0,0,0,-0.092122,0.049714,0.012501,-0.054422,-0.070465,0,0,-0.116615,-0.114324,0.001808,0,0.047063,-0.164498,-0.081871,0.009848,0.202565,0,-0.529465,-0.205715,0.0092,-0.014859,0.119986,0,0.058677,0,-0.102511,0,0.428571,0.238345,0,-0.037361,-0.172662,0,0,-0.030006,-0.253178,-0.11909
2019,0,-0.219886,0,-0.084885,-0.445231,0,0,-0.0178,0,-0.040195,-0.007376,-0.15,-0.159091,0,0.043505,0.139437,0,0,-0.44342,-0.182749,0,0.119749,0.023466,0,0,0.074623,-0.489259,0,-0.202603,-0.149902,0,0,0.051914,-0.208741,-0.048156,-0.004126,0.031005,0.087067,0,0.165332,0.200205,-0.354969,-0.118466,-0.485821,-0.043924,-0.179612,-0.236432,0.074442,0.320603,-0.0722,0,0,-0.375,-0.002165,0.025462,-0.000935,0.002588,0,0.0235,0.892108,0.003779,0.047978,-0.0656,0.031304,0.012376,0.017223,-0.258778,0,0.057755,-0.026303,0.011075,0,-0.064811,0.046854,-0.125533,-0.002426,0.365627,0.152313,0,0.042857,-0.046105,0.037201,0,0.031731,0,-0.162787,-0.567194,-0.300142,-0.298039,0,0,0,-0.108249,0,-0.046787,0.007858,0,-0.187237,-0.174065,0.044672,-0.112845,-0.015889,-0.018251,-0.053805,-0.154309,-0.073637,-0.322521,-0.171386,0,0.089601,0,0.058064,0.010133,0,0.006446,0,0.182073,0.358264,-0.000173,0,0.01083,0,0.095099,-0.881996,0,0,-0.15547,0,-0.140717,-0.14948,0.058651,-0.314161,0,0,-0.123118,-0.190443,-0.140655,0,-0.05134,-0.09035,-0.05622,0,0.014547,0.037543,0,0.062192,0,0,0.023527,0,-0.000214,-0.022705,0,0.003389,-0.065722,0,-0.040412,0,0,0,-0.443864,0.004412,0,-0.00073,0,-0.328159,-0.005239,0.02003,-0.445482,-0.15264,-0.002042,-0.086252,-0.00547,-0.009805,-0.179299,-0.830979,0.027918,0.022642,0,0,0.039383,0.003417,-0.000323,-0.109281,-0.053627,-0.15395,-0.135031,0.117014,0.173913,-0.074041,0.045257,-0.181482,0.055242,-0.176314,0,-0.703071,0,0.086984,0.00532,0,0,0,0,0.040535,0.046932,0,-0.092163,-0.20776,-0.313718,-0.026081,-0.273344,-0.217181,0,-0.122342,0.002515,-0.168772,0,-0.168769,-0.098251,-0.645833,-0.078526,0,-0.101309,0.004562,0.070349,0,0,0,0,-0.08974,0.04968,0.01279,-0.054422,-0.070465,0.007205,0,-0.123919,-0.094149,0.004415,0,0.046932,-0.168769,-0.081871,0.009848,0.202695,0,-0.529465,-0.205765,0.010356,-0.018495,0.119986,0,0.059253,0,-0.074554,0,0.428571,0.24216,0,-0.038881,-0.172662,0,0,-0.030006,-0.253191,-0.11909
2020,0,-0.217373,0,-0.084437,-0.445223,0,0,-0.017726,0,-0.039464,-0.007376,-0.15,-0.136364,0,0.043505,0.140823,0,0,-0.44342,-0.182749,0,0.119749,0.019925,0,0,0.068249,-0.489259,0,-0.184621,-0.141048,0,0,0.051914,-0.208741,-0.048156,-0.004125,0.027398,0.087067,0,0.165292,0.200205,-0.355,-0.118466,-0.485816,-0.043924,-0.179621,-0.236432,0.074442,0.320603,-0.072101,0,0,0,-0.002165,0.026575,0,0.004314,0,0.0235,0.170205,0.004199,0.047567,-0.065008,0.031836,0.018074,0.022665,-0.258778,0,0.057036,-0.023239,0.009584,0,-0.064689,0.045362,-0.122293,-0.002426,0.365627,0.152313,0.001259,0.042857,-0.046105,0.033067,0,0.032854,0,-0.162787,-0.566206,-0.300142,-0.298039,0,0,0,-0.108249,0,-0.046736,0.008931,0,-0.187237,-0.170934,0.047148,-0.112845,-0.015998,-0.015573,-0.051476,-0.152762,-0.0745,-0.322516,-0.169358,0,0.089601,0,0.058064,0.005177,0,0.006546,0,0.181965,0.359187,0,0,0.010831,0,0.095099,-0.881996,0,0,-0.102459,0,-0.137444,-0.14948,0.058651,-0.314161,0,0,-0.118936,-0.188393,-0.13789,0,-0.048611,-0.090159,-0.054074,0,0.018927,0.015969,0,0.059549,0,0,0.023303,0,0.000465,-0.022723,0,0.002767,-0.065727,0,-0.038329,0,0,0,-0.441854,0.003594,0,-0.002167,0,-0.282751,-0.005336,0.02003,-0.445482,-0.15264,-0.002042,-0.086252,-0.00547,-0.009805,-0.179299,-0.830979,0.027621,0.095453,0,0,0.102807,0.004518,0,-0.109294,-0.053627,-0.153815,-0.135023,0.117014,0.173913,-0.074041,0.037178,-0.179476,0.055242,-0.176314,0,-0.703096,0,0.086984,0.006612,0,0,0,0,0.040535,0.046951,0,-0.092163,-0.20776,-0.31197,-0.026081,-0.273344,-0.217181,0,-0.122342,1.252495,-0.167048,0,-0.167044,-0.098259,-0.645833,-0.078462,0,-0.100812,0.00001,0.070349,0,0,0,0,-0.086563,0.049268,0.01818,-0.054422,-0.070465,0.007205,0,-0.119718,-0.094149,0.003596,0,0.046951,-0.167044,-0.081871,0.009848,0.202695,0,-0.529465,-0.205715,0.010356,-0.015338,0.119986,0,0.056848,0,-0.046596,0,0.428571,0.24216,0,-0.03685,-0.172662,0,0,-0.030006,-0.253178,-0.11909
2021,0,-0.219059,0,-0.084741,-0.445229,0,0,-0.017774,0,-0.039951,-0.007376,-0.15,-0.151591,0,0.043505,0.138801,0,0,-0.44342,-0.182749,0,0.119749,0.019673,0,0,0.077831,-0.489259,0,-0.196609,-0.146951,0,0,0.051914,-0.208741,-0.048156,0.774615,0.029995,0.087067,0,0.165319,0.200205,-0.354979,-0.118466,-0.485819,-0.043924,-0.179615,-0.236432,0.074442,0.320603,-0.072167,0,0,-0.25,-0.002165,0.028706,0,0.003162,0,0.0235,0.170205,0.003919,0.019282,-0.076008,0.014889,0.012189,0.016698,-0.258778,0,0.05476,-0.026107,-0.004553,0,-0.064684,0.044293,-0.124476,-0.001868,0.365627,0.152313,-0.000171,0.042857,-0.046105,0.035823,0,0.031746,0,-0.162787,-0.566868,-0.300142,-0.298039,0,0,0,-0.108249,0,-0.04677,0.156937,0,-0.187237,-0.173032,0.044675,-0.112845,-0.015925,-0.025322,-0.058534,-0.153805,-0.073874,-0.709835,-0.170733,0,0.089601,0,0.058064,0.008481,0,0.006479,0,0.181965,0.358569,0,0,0.010831,0,0.095099,-0.881996,0,0,-0.102459,0,-0.140992,-0.14948,0.058651,-0.314161,0,0,-0.122936,-0.18978,-0.13974,0,-0.051083,-0.090196,-0.061113,0,0.015001,0.032234,0,0.062189,0,0,0.023452,0,-0.030444,-0.022711,0,0.003182,-0.065724,0,-0.046819,0,0,0,-0.443884,0.00414,0,-0.000714,0,-0.313023,-0.005271,0.02003,-0.445482,-0.15264,0.355511,-0.086252,-0.00547,-0.009805,-0.179299,-0.830979,0.02782,0.022789,0,0,0.060524,0.167432,-0.000216,-0.109313,-0.053627,-0.153905,-0.135029,0.117014,0.173913,-0.074041,0.042239,-0.180828,0.055242,-0.176314,0,-0.703079,-0.001398,0.086984,0.187628,0,0,0,0,0.040535,0.046934,0,-0.092163,-0.20776,-0.250696,-0.026081,-0.273344,-0.217181,0,-0.122342,0.003449,-0.168205,0,-0.168202,-0.098285,-0.645833,-0.078504,0,-0.101145,-0.000001,0.070349,0,0,0,0,-0.088681,0.020906,0.012558,-0.054422,-0.070465,0.007205,0,-0.12374,-0.094149,0.004145,0,0.046934,-0.168202,-0.081871,0.009848,0.202695,0,-0.529465,-0.205749,0.010356,-0.028954,0.119986,0,0.058583,0,-0.065234,0,0.428571,0.24216,0,0.000144,-0.172662,0,0,-0.030006,-0.253187,-0.11909
